{"chunk_definitions":[{"chunk_id":"csetup_chunk","chunk_label":"setup","document_id":"CC8B123D","expansion_state":0,"options":{"engine":"r","include":false,"label":"setup"},"row":11,"row_count":1,"visible":true},{"chunk_id":"csc0hynsreenc","chunk_label":"unnamed-chunk-3","document_id":"CC8B123D","expansion_state":0,"options":{"engine":"r","label":"unnamed-chunk-2"},"row":63,"row_count":1,"visible":true},{"chunk_id":"cv2z8sleii7om","chunk_label":"unnamed-chunk-5","document_id":"CC8B123D","expansion_state":0,"options":{"engine":"r","label":"unnamed-chunk-4"},"row":104,"row_count":1,"visible":true}],"chunk_rendered_width":400,"default_chunk_options":{"echo":true,"error":false},"doc_write_time":1540234318,"working_dir":null}