{"chunk_definitions":[{"chunk_id":"csetup_chunk","chunk_label":"setup","document_id":"981E5919","expansion_state":0,"options":{"engine":"r","include":false,"label":"setup"},"row":9,"row_count":1,"visible":true},{"chunk_id":"c56gtohs4uyts","chunk_label":"unnamed-chunk-1","document_id":"981E5919","expansion_state":0,"options":{"Warning":false,"engine":"r","label":"unnamed-chunk-7","message":false},"row":42,"row_count":1,"visible":true},{"chunk_id":"clf5wuvaoz8wl","chunk_label":"unnamed-chunk-2","document_id":"981E5919","expansion_state":0,"options":{"engine":"r","label":"unnamed-chunk-8"},"row":48,"row_count":1,"visible":true},{"chunk_id":"co14tg81b7zqv","chunk_label":"unnamed-chunk-3","document_id":"981E5919","expansion_state":0,"options":{"engine":"r","label":"unnamed-chunk-9"},"row":56,"row_count":1,"visible":true}],"default_chunk_options":{"echo":true,"error":false},"doc_write_time":1540241113,"working_dir":null}